date,first_prize,last2,front3_1,front3_2,last3_1,last3_2,last3_3,last3_4
2025-06-01,559352,52,352,201,34,349,044,307
2025-06-16,507392,92,392,060,17,243,299,736
2025-07-01,949246,46,246,911,69,680,261,918
2025-07-16,245324,24,324,261,71,995,084,336
2025-08-01,811852,52,852,501,42,525,512,891
,251309,9,309,871,92,316,319,
,213388,88,388,61,168,261,676,
,266227,27,227,852,544,134,747,
,669687,87,687,366,357,601,806,
,757563,63,563,325,959,273,94,
,818894,94,894,541,395,306,567,
,847377,77,377,502,686,130,16,
,558700,0,700,512,854,186,858,
,807779,79,779,236,999,614,484,
,730209,9,209,510,654,462,973,
,97863,63,863,212,907,423,398,
,669843,43,843,615,596,260,986,
,187221,21,221,380,369,235,479,
,536044,44,44,321,742,250,632,
,482962,62,962,5,616,484,939,
,718665,65,665,590,538,120,795,
,608662,62,662,372,309,40,84,
,199606,6,606,941,732,200,943,
,95867,67,867,282,123,346,977,
,407041,41,41,464,85,790,706,
,367336,36,336,210,113,314,216,
,434503,3,503,898,399,756,477,
,518504,4,504,310,164,284,264,
,530593,93,593,421,943,644,217,
,205690,90,690,607,478,850,701,
,980116,16,116,171,47,636,348,
,943598,98,598,797,277,291,542,
,803481,81,481,901,228,95,599,
,997626,26,626,785,95,713,297,
,253603,3,603,799,9,753,827,
,941395,95,395,430,563,303,755,
,607063,63,63,94,549,435,445,
,105979,79,979,614,299,311,966,
,625544,44,544,896,6,484,568,
,356757,57,757,850,584,105,849,
,251097,97,97,910,552,650,922,
,557990,90,990,143,464,127,789,
,743951,51,951,633,359,130,193,
,931446,46,446,441,673,982,729,
,727202,2,202,663,243,554,266,
,320812,12,812,460,376,990,573,
,915478,78,478,915,215,962,916,
,471782,82,782,674,317,397,377,
,260453,53,453,112,687,83,876,
,169530,30,530,622,613,840,667,
,922605,5,605,162,818,674,919,
,264872,72,872,305,196,282,28,
,125272,72,272,90,6,813,869,
,132903,3,903,996,787,396,937,
,843019,19,19,655,7,801,872,
,984906,6,906,716,706,785,517,
,87907,7,907,991,119,142,906,
,25873,73,873,734,208,3,555,
,417652,52,652,555,779,197,489,
,590417,17,417,801,956,643,775,
,297411,11,411,921,817,891,16,
,812519,19,519,473,894,435,648,
,157196,96,196,580,75,222,504,
,845093,93,93,144,119,125,938,
,375805,5,805,81,707,864,94,
,121789,89,789,645,327,221,579,
,913106,6,106,707,228,393,439,
,613106,6,106,150,371,586,67,
,484669,69,669,502,69,961,942,
,943703,3,703,755,409,714,326,
,929332,32,332,832,987,252,106,
,331583,83,583,422,713,2,848,
,436594,94,594,142,668,932,824,
,620405,5,405,531,598,340,612,
,981417,17,417,612,422,870,25,
,361807,7,807,922,855,491,62,
,319196,96,196,26,798,172,136,
,155012,12,12,62,477,362,365,
,658642,42,642,95,187,780,413,
,395919,19,919,582,898,594,135,
,970618,18,618,103,917,385,788,
,737867,67,867,33,499,857,889,
,61905,5,905,72,368,342,346,
,98597,97,597,570,856,445,928,
,944308,8,308,300,619,424,855,
,880159,59,159,927,317,861,195,
,819068,68,68,365,919,794,195,
,639235,35,235,830,976,294,765,
,77258,58,258,827,397,404,14,
,32761,61,761,574,716,482,458,
,45037,37,37,952,474,583,317,
,386372,72,372,386,29,642,957,
,578171,71,171,832,853,613,794,
,70935,35,935,906,98,170,73,
,114475,75,475,792,783,21,234,
,46750,50,750,234,216,661,603,
,910261,61,261,691,33,70,47,
,556725,25,725,700,581,742,339,
,713517,17,517,290,737,944,145,
,691861,61,861,170,70,544,476,
,292972,72,972,451,936,207,239,
,684579,79,579,146,158,432,769,
,501272,72,272,180,183,61,294,
,100787,87,787,560,131,432,644,
,472270,70,270,52,837,553,935,
,890422,22,422,190,369,22,563,
,835538,38,538,732,908,380,518,
,424603,3,603,393,188,610,578,
,912307,7,307,972,486,52,826,
,384395,95,395,153,676,535,668,
,803628,28,628,193,368,43,219,
,201303,3,303,703,778,280,725,
,100994,94,994,840,937,768,349,
,972661,61,661,463,687,412,82,
,506404,4,404,401,545,980,622,
,286051,51,51,381,894,640,459,
,837893,93,893,595,947,571,105,
,244083,83,83,571,272,206,238,
,999997,97,997,986,367,253,429,
,945811,11,811,886,147,123,647,
,569391,91,391,925,759,315,788,
,873286,86,286,535,105,334,946,
,347258,58,258,830,953,620,943,
,516967,67,967,648,768,825,656,
,831567,67,567,242,644,895,625,
,51095,95,95,222,854,301,913,
,503446,46,446,772,587,264,46,
,875938,38,938,982,943,285,977,
,781403,3,403,945,159,520,309,
,589227,27,227,62,595,523,759,
,491774,74,774,680,41,323,795,
,510541,41,541,811,163,821,402,
,529924,24,924,970,431,385,556,
,453522,22,522,812,616,170,134,
,17223,23,223,321,646,400,851,
,967375,75,375,793,238,60,212,
,812564,64,564,152,556,251,325,
,691197,97,197,593,929,206,67,
,340388,88,388,857,339,479,259,
,798787,87,787,202,108,472,744,
,775476,76,476,891,499,125,635,
,387006,6,6,581,359,835,627,
,369765,65,765,883,559,11,135,
,943647,47,647,862,398,640,63,
,174055,55,55,296,258,841,278,
,516461,61,461,465,897,132,155,
,962526,26,526,716,699,490,188,
,61324,24,324,250,434,763,746,
,570331,31,331,235,129,309,669,
,109767,67,767,528,889,594,39,
,724628,28,628,641,488,831,548,
,345650,50,650,651,379,998,308,
,74824,24,824,568,819,106,128,
,967134,34,134,46,437,791,979,
,197079,79,79,652,64,121,276,
,735867,67,867,20,319,137,18,
,356564,64,564,624,809,482,973,
,21840,40,840,670,453,75,619,
,989903,3,903,164,719,301,408,
,149840,40,840,583,845,760,465,
,200515,15,515,931,863,921,922,
,452643,43,643,995,947,265,618,
,149760,60,760,793,235,391,552,
,734510,10,510,264,645,120,972,
,586117,17,117,103,406,705,918,
,386602,2,602,788,329,35,497,
,596324,24,324,274,35,301,383,
,963623,23,623,834,299,12,102,
,223131,31,131,464,325,71,328,
,988117,17,117,953,105,532,486,
,75629,29,629,201,303,570,475,
,248038,38,38,855,279,802,256,
,739229,29,229,602,736,540,765,
,412073,73,73,851,317,876,389,
,218559,59,559,820,647,202,54,
,759415,15,415,293,188,705,897,
,309915,15,915,390,73,882,307,
,26853,53,853,311,69,471,815,
,203823,23,823,506,247,992,363,
,911234,34,234,983,734,955,49,
,955596,96,596,896,168,362,909,
,451005,5,5,333,36,262,576,
,292391,91,391,988,319,614,776,
,533726,26,726,851,654,250,364,
,413494,94,494,861,809,711,282,
,880714,14,714,526,117,264,629,
,170143,43,143,711,726,473,403,
,143224,24,224,653,456,791,952,
,715431,31,431,371,153,22,539,
,756519,19,519,360,613,867,879,
,820327,27,327,875,848,353,908,
,112360,60,360,262,264,890,56,
,943142,42,142,476,268,783,737,
,53630,30,630,611,212,185,818,
,454891,91,891,530,83,964,906,
,8656,56,656,355,739,497,739,
,816729,29,729,407,669,732,418,
,392785,85,785,800,200,575,7,
,273863,63,863,923,249,186,949,
,978453,53,453,784,505,600,525,
,229116,16,116,141,284,643,759,
,54672,72,672,420,668,74,266,
,145157,57,157,255,116,635,168,
,377712,12,712,463,48,904,777,
,435286,86,286,353,665,961,997,
,86069,69,69,775,138,731,484,
,858383,83,383,440,406,825,585,
,785438,38,438,868,249,760,387,
,571947,47,947,986,928,850,325,
,887102,2,102,331,942,800,174,
,240650,50,650,424,935,830,431,
,638684,84,684,623,343,356,306,
,254004,4,4,333,669,665,966,
,272932,32,932,575,389,834,728,
,449764,64,764,555,527,341,589,
,82460,60,460,531,696,91,733,
,73816,16,816,792,518,43,217,
,511825,25,825,141,117,758,809,
,141737,37,737,983,829,750,872,
,399459,59,459,22,384,30,466,
,221609,9,609,870,82,285,75,
,66720,20,720,923,905,462,858,
,134918,18,918,328,558,770,49,
,439686,86,686,64,265,301,557,
,356364,64,364,983,126,993,95,
,927800,0,800,96,259,990,540,
,304371,71,371,500,315,327,437,
,8217,17,217,22,462,645,968,
,930255,55,255,81,402,500,946,
,915350,50,350,782,381,817,141,
,795283,83,283,32,410,286,438,
,361211,11,211,451,67,571,664,
,968630,30,630,624,571,344,120,
,594825,25,825,71,759,184,407,
,743148,48,148,64,352,93,750,
,21094,94,94,892,604,30,688,
,33363,63,363,407,812,276,246,
,518677,77,677,533,335,986,488,
,121507,7,507,497,614,618,302,
,759049,49,49,265,658,140,815,
,644742,42,742,54,292,533,865,
,388881,81,881,653,147,8,769,
,11421,21,421,387,994,848,519,
,543466,66,466,308,181,633,661,
,506260,60,260,381,11,644,959,
,605704,4,704,705,589,625,578,
,48151,51,151,923,396,226,237,
,240237,37,237,344,980,318,570,
,1864,64,864,908,431,38,253,
,155537,37,537,790,832,868,130,
,244351,51,351,740,683,985,958,
,461704,4,704,578,539,825,359,
,948354,54,354,900,807,637,759,
,480449,49,449,118,203,805,801,
,479804,4,804,251,794,224,807,
,206608,8,608,446,72,38,559,
,656409,9,409,946,477,848,489,
,375615,15,615,442,510,861,595,
,772269,69,269,351,122,573,427,
,856763,63,763,223,89,124,774,
,662842,42,842,916,399,121,876,
,766391,91,391,823,495,766,236,
,468728,28,728,451,49,441,172,
,378477,77,477,391,232,714,418,
,673920,20,920,951,581,406,395,
,781198,98,198,181,603,244,96,
,87523,23,523,201,505,51,122,
,103297,97,297,521,431,586,737,
,153406,6,406,263,440,133,556,
,28866,66,866,951,864,998,359,
,531404,4,404,792,503,54,9,
,906318,18,318,351,165,377,537,
,384245,45,245,13,975,300,745,
,180149,49,149,954,64,928,889,
,306902,2,902,522,420,771,495,
,561072,72,72,485,137,505,32,
,341767,67,767,791,112,287,428,
,168795,95,795,277,347,660,749,
,806925,25,925,280,693,46,727,
,739804,4,804,475,20,202,561,
,963289,89,289,604,25,298,769,
,647882,82,882,145,763,246,500,
,562684,84,684,630,562,355,747,
,548123,23,123,52,815,708,0,
,321327,27,327,204,179,454,482,
,356435,35,435,828,804,517,183,
,566996,96,996,863,522,105,845,
,646905,5,905,510,752,849,39,
,289673,73,673,693,900,981,145,
,935489,89,489,904,807,137,167,
,687125,25,125,560,342,613,909,
,603458,58,458,72,723,595,168,
,843846,46,846,868,348,629,68,
,571688,88,688,531,704,306,707,
,968433,33,433,528,609,591,755,
,976241,41,241,379,727,211,337,
,368257,57,257,96,577,81,93,
,565566,66,566,664,526,956,417,
,820981,81,981,85,551,963,743,
,302358,58,358,5,898,641,268,
,529524,24,524,727,347,457,780,
,110443,43,443,434,345,534,893,
,639500,0,500,155,765,608,46,
,524694,94,694,632,171,882,853,
,281343,43,343,281,520,893,968,
,124025,25,25,589,405,542,918,
,540143,43,143,792,427,521,237,
,329997,97,997,77,365,981,486,
,683877,77,877,280,326,127,757,
,895590,90,590,508,205,997,967,
,904050,50,50,118,972,241,590,
,915900,0,900,607,156,565,306,
,159373,73,373,512,387,904,795,
,882727,27,727,386,65,768,953,
,814418,18,418,315,43,99,21,
,889501,1,501,295,895,974,264,
,583470,70,470,622,160,887,227,
,257562,62,562,695,810,746,163,
,607064,64,64,86,63,335,733,
,222518,18,518,792,951,357,111,
,648684,84,684,189,62,141,114,
,320605,5,605,327,494,264,985,
,451445,45,445,813,281,509,416,
,526402,2,402,651,680,265,415,
,884178,78,178,217,842,356,512,
,408147,47,147,29,222,538,577,
,997777,77,777,574,255,514,69,
,805540,40,540,547,713,800,652,
,955756,56,756,839,910,573,295,
,511052,52,52,159,571,41,894,
,731198,98,198,283,846,458,125,
,724533,33,533,858,470,215,338,
,536960,60,960,628,143,450,740,
,218756,56,756,127,35,836,602,
,116556,56,556,122,270,525,346,
,622953,53,953,513,901,607,804,
,351276,76,276,884,861,671,625,
,562370,70,370,466,563,468,15,
,406417,17,417,57,0,440,718,
,54136,36,136,854,219,451,335,
,825988,88,988,442,632,133,975,
,814931,31,931,17,235,840,400,
,593331,31,331,962,99,454,637,
,656037,37,37,975,443,579,263,
,481746,46,746,275,355,103,843,
,610089,89,89,555,963,611,214,
,281062,62,62,232,271,857,585,
,884112,12,112,499,361,531,869,
,334380,80,380,245,293,155,333,
,181752,52,752,96,644,704,740,
,813993,93,993,437,639,799,71,
,191100,0,100,596,539,688,17,
,621377,77,377,423,105,183,858,
,488372,72,372,20,919,960,32,
,17422,22,422,661,33,164,310,
,354656,56,656,117,845,706,560,
,911097,97,97,649,865,784,486,
,210008,8,8,107,691,827,271,
,180387,87,387,343,92,195,720,
,480239,39,239,688,934,509,189,
,500104,4,104,732,6,286,818,
,444874,74,874,813,742,989,966,
,480012,12,12,122,931,517,700,
,360371,71,371,63,820,405,176,
,211743,43,743,968,117,441,542,
,959517,17,517,221,746,634,470,
,364222,22,222,976,199,962,297,
,215227,27,227,974,576,273,744,
,133707,7,707,31,370,263,629,
,186312,12,312,149,365,776,944,
,73577,77,577,674,134,597,816,
,994304,4,304,879,933,374,195,
,685141,41,141,56,947,755,241,
,776980,80,980,599,371,884,122,
,55986,86,986,582,999,520,725,
,689140,40,140,853,669,236,424,
,258487,87,487,1,741,352,261,
,169387,87,387,62,494,357,142,
,202912,12,912,482,3,535,391,
,15865,65,865,324,354,474,469,
,462933,33,933,968,432,925,776,
,154986,86,986,926,882,394,213,
,816,16,816,940,51,773,568,
,207542,42,542,662,331,77,993,
,930456,56,456,151,250,449,541,
,777661,61,661,262,420,972,406,
,111411,11,411,543,688,383,628,
,294452,52,452,112,225,499,473,
,368415,15,415,339,541,790,75,
,816578,78,578,505,723,631,130,
,268812,12,812,362,289,294,240,
,553091,91,91,672,242,386,652,
,38730,30,730,939,619,391,154,
,534533,33,533,696,607,770,154,
,743212,12,212,252,668,8,428,
,218596,96,596,220,941,978,319,
,74114,14,114,253,57,158,39,
,205434,34,434,50,132,606,179,
,2612,12,612,200,685,898,248,
,272028,28,28,762,853,334,219,
,431277,77,277,983,245,266,446,
,882911,11,911,672,43,23,113,
,12377,77,377,563,785,345,576,
,695993,93,993,90,272,64,139,
,380377,77,377,361,614,454,577,
,850348,48,348,112,363,864,89,
,257374,74,374,413,444,14,865,
,943671,71,671,500,962,874,905,
,729111,11,111,753,393,456,398,
,414875,75,875,353,706,667,479,
,329231,31,231,691,931,203,552,
,453011,11,11,620,11,330,17,
,982800,0,800,648,25,840,430,
,12653,53,653,711,241,952,5,
,74946,46,946,330,779,740,851,
,936685,85,685,50,560,853,716,
,137054,54,54,803,445,126,308,
,212684,84,684,263,114,727,327,
,556010,10,10,814,135,489,429,
,595411,11,411,812,674,907,417,
,513501,1,501,964,254,324,607,
,113410,10,410,184,184,856,276,
,562481,81,481,731,301,987,528,
,927907,7,907,882,132,775,246,
,32988,88,988,481,586,636,858,
,430667,67,667,760,901,41,266,
,499336,36,336,452,472,736,46,
,331810,10,810,692,935,55,185,
,476207,7,207,932,342,363,124,
,429924,24,924,290,60,488,859,
,527384,84,384,771,51,833,349,
,565151,51,151,761,462,876,389,
,393194,94,194,419,899,74,245,
,836393,93,393,57,392,425,234,
,232897,97,897,259,248,587,515,
,430374,74,374,815,534,428,817,
,405105,5,105,630,139,878,665,
,622780,80,780,936,777,948,140,
,876763,63,763,851,910,19,63,
,742425,25,425,619,492,949,428,
,277859,59,859,956,256,79,793,
,769925,25,925,568,932,392,878,
,838739,39,739,552,932,638,458,
,778584,84,584,78,114,31,649,
,147977,77,977,454,396,946,471,
,270052,52,52,126,214,620,912,
,562856,56,856,945,83,76,803,
,910957,57,957,296,477,391,379,
,264825,25,825,589,30,923,588,
,952335,35,335,920,78,48,799,
,217948,48,948,419,162,908,641,
,381761,61,761,446,6,930,936,
,977486,86,486,912,213,52,301,
,238654,54,654,888,470,58,174,
,512434,34,434,489,890,985,184,
,952890,90,890,651,261,830,178,
,100935,35,935,173,814,105,952,
,810850,50,850,995,261,493,826,
,100344,44,344,713,864,638,116,
,24554,54,554,270,64,380,821,
,38564,64,564,492,104,427,698,
,738365,65,365,950,649,553,15,
,936177,77,177,304,861,852,53,
,582473,73,473,435,868,11,89,
,317009,9,9,667,842,401,352,
,412729,29,729,879,157,201,493,
,432747,47,747,792,227,899,652,
,492955,55,955,940,663,87,421,
,449565,65,565,868,21,629,589,
,388551,51,551,170,727,640,277,
,742518,18,518,805,27,418,871,
,970577,77,577,981,713,750,92,
,41072,72,72,713,469,134,102,
,766482,82,482,247,665,517,922,
,214768,68,768,104,982,821,240,
,316933,33,933,171,233,389,690,
,475560,60,560,682,728,441,39,
,961633,33,633,260,551,523,862,
,477452,52,452,137,571,504,606,
,9554,54,554,877,984,276,412,
,793070,70,70,448,60,210,746,
,176893,93,893,351,765,796,164,
,867134,34,134,973,766,484,656,
,772467,67,467,430,173,838,150,
,119327,27,327,100,819,683,466,
,815753,53,753,694,823,812,248,
,196345,45,345,30,736,17,833,
,800751,51,751,936,817,149,986,
,816422,22,422,530,863,561,920,
,540054,54,54,343,891,808,635,
,335022,22,22,86,892,910,394,
,168858,58,858,282,216,36,271,
,479372,72,372,172,880,759,991,
,504658,58,658,691,390,149,846,
,754622,22,622,649,180,197,449,
,185966,66,966,238,621,377,456,
,355858,58,858,621,622,4,388,
,110866,66,866,662,5,477,818,
,923373,73,373,592,958,887,748,
,96597,97,597,707,99,290,144,
,335921,21,921,591,140,825,592,
,868990,90,990,459,568,115,103,
,205588,88,588,256,967,264,611,
,312471,71,471,663,135,986,642,
,208713,13,713,874,149,114,599,
,614144,44,144,729,907,764,259,
,589207,7,207,134,929,925,262,
,653403,3,403,913,855,508,221,
,705832,32,832,120,89,666,347,
,196391,91,391,628,89,182,578,
,615366,66,366,697,790,944,788,
,697483,83,483,506,105,107,592,
,698002,2,2,8,773,97,980,
,216822,22,822,773,612,427,697,
,731342,42,342,960,253,579,263,
,739447,47,447,646,544,357,432,
,177947,47,947,876,768,477,355,
,991307,7,307,789,457,195,592,
,238511,11,511,681,557,675,944,
,941438,38,438,478,661,562,162,
,305500,0,500,31,90,120,844,
,912040,40,40,434,71,3,795,
,600589,89,589,539,93,569,964,
,187813,13,813,926,619,187,932,
,354771,71,771,4,962,712,66,
,766098,98,98,917,338,560,74,
,679545,45,545,750,495,892,813,
,461414,14,414,911,518,783,952,
,389872,72,872,296,59,959,220,
,766066,66,66,360,835,233,546,
,552784,84,784,206,80,486,993,
,135603,3,603,124,988,703,865,
,892525,25,525,219,339,67,968,
,933164,64,164,864,678,637,329,
,653062,62,62,648,202,87,20,
,441022,22,22,423,220,267,76,
,455578,78,578,618,54,969,808,
,456370,70,370,946,614,298,62,
,977085,85,85,64,415,355,192,
,895196,96,196,951,911,166,896,
,19682,82,682,676,163,120,758,
,968422,22,422,372,980,883,378,
,915344,44,344,551,918,437,899,
,505498,98,498,253,412,977,473,
,428641,41,641,511,504,12,441,
,802505,5,505,728,645,673,581,
,156050,50,50,850,568,898,231,
,994200,0,200,511,267,990,463,
,120108,8,108,577,51,739,531,
,493438,38,438,882,696,455,445,
,340264,64,264,693,46,325,390,
,481447,47,447,241,955,177,638,
,73261,61,261,74,721,566,628,
,161149,49,149,28,796,433,284,
,598714,14,714,767,657,253,945,
,590664,64,664,567,647,396,955,
,522630,30,630,375,869,499,970,
,990543,43,543,579,714,302,254,
,659152,52,152,43,700,667,79,
,805590,90,590,557,487,154,348,
,330853,53,853,921,678,200,887,
,633270,70,270,409,564,146,218,
,709670,70,670,148,951,164,341,
,729367,67,367,648,739,746,111,
,224675,75,675,198,875,383,639,
,737022,22,22,497,134,617,739,
,685706,6,706,743,399,766,2,
,683472,72,472,523,920,816,944,
,975005,5,5,480,706,261,106,
,104154,54,154,158,273,32,870,
,616426,26,426,829,958,62,910,
,119067,67,67,141,452,942,185,
,690135,35,135,102,177,179,5,
,180597,97,597,116,20,868,648,
,820715,15,715,502,501,712,827,
,107987,87,987,343,642,969,855,
,762394,94,394,755,503,956,69,
,113311,11,311,804,909,833,109,
,91982,82,982,614,375,70,550,
,205095,95,95,649,805,432,940,
,140843,43,843,280,319,528,3,
,640998,98,998,496,0,614,78,
,633616,16,616,454,7,739,33,
,836537,37,537,853,561,472,923,
,621267,67,267,471,552,756,733,
,454703,3,703,130,894,372,450,
,737016,16,16,363,585,157,780,
,119451,51,451,316,7,639,853,
,969676,76,676,915,552,673,136,
,887956,56,956,564,546,641,709,
,565311,11,311,104,943,810,443,
,93182,82,182,900,466,68,184,
,620662,62,662,392,766,71,333,
,290582,82,582,266,904,366,180,
,46251,51,251,59,338,68,602,
,437367,67,367,529,522,903,654,
,459013,13,13,570,873,781,551,
,267540,40,540,188,819,306,654,
,931342,42,342,433,972,377,396,
,674071,71,71,299,467,616,891,
,825696,96,696,575,928,323,117,
,592761,61,761,167,167,59,818,
,9315,15,315,562,260,359,291,
,70715,15,715,204,222,879,797,
,836777,77,777,639,502,731,313,
,963948,48,948,994,775,355,110,
,164311,11,311,650,94,600,713,
,997833,33,833,638,172,506,274,
,729816,16,816,916,319,166,181,
,530213,13,213,851,99,260,945,
,442183,83,183,825,409,502,698,
,51108,8,108,30,612,635,403,
,139853,53,853,301,316,881,436,
,669281,81,281,799,528,969,999,
,764354,54,354,149,787,233,242,
,561335,35,335,36,558,825,701,
,410227,27,227,284,683,47,504,
,830676,76,676,802,872,151,672,
,807506,6,506,465,932,682,837,
,591344,44,344,332,612,372,758,
,340998,98,998,656,963,333,711,
,56860,60,860,986,880,643,39,
,70416,16,416,31,383,493,430,
,386441,41,441,671,529,870,12,
,278794,94,794,639,174,228,597,
,77626,26,626,86,61,779,513,
,618818,18,818,168,430,748,848,
,691483,83,483,456,860,37,151,
,625094,94,94,353,944,320,678,
,479957,57,957,927,134,718,586,
,577278,78,278,630,894,186,64,
,660214,14,214,586,456,129,274,
,307213,13,213,414,560,914,47,
,342860,60,860,693,610,487,357,
,190611,11,611,131,865,438,549,
,464147,47,147,507,780,949,249,
,181813,13,813,553,61,754,985,
,836569,69,569,581,150,759,442,
,270744,44,744,204,807,637,857,
,920846,46,846,290,813,160,442,
,261080,80,80,744,619,357,556,
,987844,44,844,188,62,867,284,
,65720,20,720,657,825,844,13,
,872795,95,795,963,160,425,510,
,81784,84,784,917,244,646,446,
,748493,93,493,220,150,17,718,
,599991,91,991,520,124,19,49,
,595123,23,123,650,761,16,63,
,858076,76,76,192,353,162,195,
,820088,88,88,670,146,497,815,
,840043,43,43,639,842,589,819,
,663807,7,807,728,29,461,433,
,146573,73,573,172,21,537,56,
,496930,30,930,664,545,638,827,
,572701,1,701,792,608,529,435,
,236864,64,864,748,672,851,275,
,612897,97,897,694,602,343,562,
,665959,59,959,483,816,857,889,
,947195,95,195,344,251,858,337,
,675704,4,704,650,443,279,777,
,294240,40,240,719,757,621,424,
,241559,59,559,863,929,826,771,
,875462,62,462,995,395,737,300,
,974201,1,201,398,308,772,830,
,405124,24,124,982,803,564,591,
,444413,13,413,248,86,897,466,
,527514,14,514,982,513,356,879,
,83537,37,537,591,323,196,587,
,156967,67,967,302,359,575,965,
,54272,72,272,317,971,454,144,
,509691,91,691,679,826,237,509,
,676573,73,573,119,96,204,120,
,537146,46,146,616,357,699,825,
,643997,97,997,245,79,187,840,
,88067,67,67,525,106,218,967,
,388437,37,437,380,256,560,567,
,551450,50,450,926,541,652,790,
,617629,29,629,524,261,628,800,
,100474,74,474,364,448,227,52,
,976779,79,779,981,484,147,913,
,499884,84,884,947,162,475,333,
,750792,92,792,574,27,717,30,
,151995,95,995,476,122,570,203,
,879454,54,454,268,793,141,585,
,593856,56,856,443,817,556,84,
,179528,28,528,668,223,659,205,
,951088,88,88,211,683,495,805,
,512694,94,694,242,904,322,559,
,198019,19,19,180,822,708,658,
,947788,88,788,970,891,665,444,
,814368,68,368,598,898,189,764,
,470136,36,136,23,926,669,275,
,352768,68,768,193,899,326,98,
,151091,91,91,616,466,508,336,
,332687,87,687,917,715,472,810,
,625379,79,379,766,662,980,945,
,318311,11,311,216,491,187,359,
,869656,56,656,814,221,269,615,
,978140,40,140,753,214,437,185,
,247351,51,351,541,752,346,619,
,49584,84,584,774,352,221,550,
,660765,65,765,907,13,388,392,
,19128,28,128,276,737,966,945,
,304855,55,855,727,606,644,439,
,681455,55,455,499,776,644,287,
,256556,56,556,269,67,55,499,
,318302,2,302,218,824,446,619,
,327686,86,686,47,484,561,459,
,952808,8,808,687,325,406,390,
,714426,26,426,745,164,273,870,
,239422,22,422,850,788,837,767,
,282069,69,69,79,625,641,943,
,322154,54,154,869,241,927,162,
,317092,92,92,761,398,190,882,
,876454,54,454,515,582,975,828,
,620837,37,837,836,938,722,556,
,265333,33,333,512,354,556,183,
,464819,19,819,590,702,746,692,
,248122,22,122,965,710,853,37,
,939901,1,901,194,289,406,678,
,46698,98,698,826,787,855,73,
,105615,15,615,173,747,351,686,
,220381,81,381,554,605,975,114,
,504692,92,692,883,48,862,682,
,53581,81,581,995,609,686,813,
,427039,39,39,62,549,266,749,
,646847,47,847,672,250,440,912,
,411454,54,454,710,340,190,221,
,869070,70,70,958,285,974,621,
,198162,62,162,481,950,878,55,
,922388,88,388,401,866,672,530,
,628406,96,906,990,798,713,339,
,510004,4,4,50,654,129,766,
,683268,18,168,102,342,923,448,
,609584,94,984,982,504,902,225,
,167677,97,977,976,110,365,96,
,758304,84,804,879,165,294,428,
,712844,24,244,223,623,251,229,
,478193,13,193,188,46,255,164,
,622089,39,389,367,891,718,949,
,650476,6,76,28,303,724,897,
,311405,75,705,785,396,149,26,
,596289,19,189,174,424,686,628,
,656826,76,726,739,372,902,868,
,194735,55,535,553,302,583,524,
,356080,40,480,417,474,564,989,
,207176,46,476,429,93,544,535,
,307287,77,787,769,535,317,170,
,789391,31,391,321,785,982,151,
,426981,51,581,529,675,35,704,
,172333,63,633,619,382,166,515,
,337373,13,173,141,82,631,8,
,767904,44,404,476,943,520,753,
,598468,58,568,505,173,746,268,
,479127,7,27,23,873,237,845,
,266918,98,918,972,874,902,69,
,404350,0,50,69,646,156,478,
,367063,83,863,898,294,139,959,
,751512,32,312,382,410,507,184,
,390894,4,94,94,701,103,895,
,761176,46,476,458,254,216,684,
,341597,37,397,326,489,401,928,
,428675,55,575,511,296,963,890,
,281209,69,609,600,738,227,181,
,408864,44,464,486,30,260,200,
,413774,44,474,406,273,778,446,
,568606,16,106,121,865,873,702,
,382020,30,320,329,729,189,206,
,211987,17,187,139,146,955,961,
,348847,77,747,761,813,645,11,
,163398,38,398,353,109,740,812,
,774950,80,850,899,532,916,661,
,563201,81,801,809,265,995,970,
,582555,85,855,889,859,255,60,
,768069,99,969,998,554,547,731,
,400628,18,128,119,449,968,65,
,754945,55,545,541,165,31,850,
,745933,73,733,721,171,767,507,
,542381,61,681,625,419,335,947,
,666215,5,15,23,510,563,810,
,482653,13,153,192,945,601,383,
,712092,72,792,765,19,406,153,
,368568,28,268,245,223,632,49,
,626782,12,182,135,879,263,789,
,357699,39,399,379,412,312,37,
,637957,87,857,871,752,765,654,
,687410,80,810,888,221,127,30,
,144661,51,561,568,60,307,125,
,623460,70,760,791,978,251,422,
,669777,87,877,886,712,935,593,
,795443,3,43,87,492,324,756,
,511996,86,896,856,999,813,561,
,556943,23,243,292,392,880,914,
,518419,19,119,129,169,351,245,
,282749,69,649,659,333,738,246,
,576539,79,739,786,79,444,732,
,269937,47,437,410,836,662,139,
,224470,40,470,403,624,863,13,
,121835,35,335,348,4,578,543,
,729152,42,452,460,870,902,24,
,186870,10,170,194,641,849,349,
,598692,42,492,463,936,952,683,
,114942,82,842,818,34,543,672,
,320830,10,130,176,318,87,182,
,724143,63,643,688,613,667,717,
,147074,14,174,105,540,794,6,
,437352,82,852,808,979,477,937,
,789428,58,528,578,516,537,183,
,207820,20,220,238,585,566,338,
,273044,44,444,496,978,318,977,
,479044,94,944,918,114,298,220,
,670043,3,43,49,81,237,661,
,374655,15,155,189,845,377,44,
,658054,14,154,111,459,509,753,
,167194,64,694,662,822,846,951,
,444172,42,472,458,771,134,196,
,536463,23,263,291,370,785,761,
,249637,67,637,677,318,303,485,
,253230,30,330,363,931,269,688,
,422212,42,412,463,536,296,630,
,482403,73,703,757,565,711,970,
,160686,46,486,403,819,416,103,
,589164,14,164,159,540,715,527,
,459807,67,607,672,950,783,676,
,322378,8,78,33,992,658,242,
,539649,69,649,675,79,455,458,
,532873,63,673,629,649,645,225,
,219094,94,994,905,516,367,330,
,440779,99,979,921,708,359,171,
,477194,44,494,488,237,586,692,
,122653,63,653,606,426,20,721,
,438023,3,23,82,694,516,619,
,562630,30,330,356,351,928,923,
,573880,80,880,837,43,977,58,
,520239,9,39,55,461,211,85,
,162238,8,38,83,862,938,161,
,167193,53,593,543,325,746,361,
,186718,58,518,592,579,70,973,
,381417,87,817,811,342,619,112,
,107683,53,583,543,43,641,38,
,353034,44,434,465,878,144,198,
,235547,47,447,472,118,115,227,
,507127,27,227,234,565,815,942,
,589886,86,886,801,186,644,668,
,509289,9,89,84,664,59,912,
,473425,15,125,139,301,637,195,
,324020,50,520,588,443,275,775,
,496890,20,290,215,624,452,87,
,373289,29,289,201,889,596,386,
,107849,69,649,682,756,481,259,
,399223,93,923,997,898,234,288,
